round,beta,J_values,theat,emprical,False Negative,False Positive,pairty,emprical_total,False Negative_total,False Positive_total
1,   0.59928,8106, -85.50000,   0.31813,   0.22449,   0.09364,-1,   0.28892,   0.11405,   0.17487
2,   2.52356,22436, 371.50000,   0.22049,   0.02641,   0.19408,1,   0.22049,   0.02641,   0.19408
3,   7.61846,8108, 332.00000,   0.20488,   0.00560,   0.19928,1,   0.20488,   0.00560,   0.19928
4,   9.96938,8108, 346.00000,   0.20288,   0.00320,   0.19968,1,   0.20408,   0.00440,   0.19968
5,  10.00000,8108, 346.00000,   0.20288,   0.00320,   0.19968,1,   0.20288,   0.00320,   0.19968
6,  10.00000,8108, 346.00000,   0.20288,   0.00320,   0.19968,1,   0.20288,   0.00320,   0.19968
7,  10.00000,8108, 346.00000,   0.20288,   0.00320,   0.19968,1,   0.20288,   0.00320,   0.19968
8,  10.00000,8108, 346.00000,   0.20288,   0.00320,   0.19968,1,   0.20288,   0.00320,   0.19968
9,  10.00000,8108, 346.00000,   0.20288,   0.00320,   0.19968,1,   0.20288,   0.00320,   0.19968
10,  10.00000,8108, 346.00000,   0.20288,   0.00320,   0.19968,1,   0.20288,   0.00320,   0.19968
