round,beta,J_values,theat,emprical,False Negative,False Positive,pairty,emprical_total,False Negative_total,False Positive_total
1,   0.59928,8106, -85.50000,   0.31813,   0.22449,   0.09364,-1,   0.28892,   0.11405,   0.17487
2,   0.45079,10264, -40.50000,   0.38255,   0.25130,   0.13125,-1,   0.44338,   0.35374,   0.08964
3,   0.44771,7782,-148.50000,   0.32933,   0.19728,   0.13205,-1,   0.23409,   0.04322,   0.19088
4,   0.35972,10066,-293.50000,   0.24010,   0.07363,   0.16647,-1,   0.24810,   0.07403,   0.17407
5,   0.49381,3458,  14.50000,   0.29452,   0.13685,   0.15766,-1,   0.26010,   0.08924,   0.17087
6,   0.47802,23193,-191.50000,   0.33894,   0.22569,   0.11325,-1,   0.24890,   0.07923,   0.16967
7,   0.37178,8108,-123.50000,   0.28291,   0.12085,   0.16206,-1,   0.21128,   0.02961,   0.18167
8,   0.59348,15274, -37.50000,   0.45738,   0.35734,   0.10004,-1,   0.21409,   0.03441,   0.17967
9,   0.27979,10084,-286.50000,   0.24970,   0.08083,   0.16887,-1,   0.21369,   0.02721,   0.18647
10,   0.40105,15292,-120.50000,   0.41136,   0.30012,   0.11124,-1,   0.20528,   0.02201,   0.18327
