beta,J_values,theat,emprical,False Negative,False Positive
   9.00000,0, 472.00000,   0.90000,   0.90000,   0.00000
   9.00000,0, 472.00000,   0.90000,   0.90000,   0.00000
   9.00000,0, 472.00000,   0.90000,   0.90000,   0.00000
   9.00000,0, 472.00000,   0.90000,   0.90000,   0.00000
   9.00000,0, 472.00000,   0.90000,   0.90000,   0.00000
