round,beta,J_values,theat,emprical,False Negative,False Positive,pairty,emprical_total,False Negative_total,False Positive_total
1,   0.59928,8106, -85.50000,   0.31813,   0.09364,   0.22449,-1,   0.28892,   0.17487,   0.11405
2,   0.47923,10264, -40.50000,   0.38255,   0.13125,   0.25130,-1,   0.44338,   0.08964,   0.35374
3,   0.53446,7782,-148.50000,   0.32933,   0.13205,   0.19728,-1,   0.23409,   0.19088,   0.04322
4,   0.50429,7783, -93.50000,   0.33653,   0.11725,   0.21929,-1,   0.27211,   0.18127,   0.09084
5,   0.45770,8108, -98.50000,   0.30652,   0.14966,   0.15686,-1,   0.21689,   0.19488,   0.02201
