round,beta,J_values,theat,emprical,False Negative,False Positive,pairty,emprical_total,False Negative_total,False Positive_total
1,   0.59928,8106, -85.50000,   0.31813,   0.22449,   0.09364,-1,   0.28892,   0.11405,   0.17487
2,   0.70438,7960, -27.00000,   0.42337,   0.34174,   0.08163,-1,   0.28892,   0.11405,   0.17487
3,   0.65986,7959, -18.50000,   0.44498,   0.36575,   0.07923,-1,   0.39696,   0.22889,   0.16807
4,   0.71276,1530, 248.50000,   0.47419,   0.41136,   0.06283,-1,   0.40696,   0.24690,   0.16006
5,   0.73844,7958, -16.50000,   0.47539,   0.38415,   0.09124,-1,   0.59384,   0.47379,   0.12005
