round,beta,J_values,theat,emprical,False Negative,False Positive,pairty,emprical_total,False Negative_total,False Positive_total
1,   0.59928,8106, -85.50000,   0.31813,   0.09364,   0.22449,-1,   0.28892,   0.17487,   0.11405
2,   2.20467,22436, 282.50000,   0.26251,   0.16246,   0.10004,1,   0.26251,   0.16246,   0.10004
3,   3.69226,22436, 393.50000,   0.21729,   0.19568,   0.02161,1,   0.21729,   0.19568,   0.02161
4,   4.88896,18924, 510.00000,   0.21649,   0.19928,   0.01721,1,   0.20528,   0.19968,   0.00560
5,   5.00996,3260, 730.50000,   0.22249,   0.19888,   0.02361,1,   0.20368,   0.19968,   0.00400
